,accuracy,precision,recall,f1,roc_auc
Train,0.99640625,0.9928637914986038,1.0,0.9964191187918419,0.9999994873046875
Test,0.887,0.6968325791855203,0.77,0.7315914489311164,0.9433234374999999
